Date,Drama_type,Event_Name
31, Orange Moon Concept Media,Juke Box Jam Night by Guru Ramachari and Team
31, Orange Moon Concept Media,Juke Box Jam Night by Guru Ramachari and Team
31, Orange Moon Concept Media,Juke Box Jam Night by Guru Ramachari and Team
31, Orange Moon Concept Media,Juke Box Jam Night by Guru Ramachari and Team
31, Orange Moon Concept Media,Juke Box Jam Night by Guru Ramachari and Team
31, Orange Moon Concept Media,Juke Box Jam Night by Guru Ramachari and Team
31, Orange Moon Concept Media,Juke Box Jam Night by Guru Ramachari and Team
31, Orange Moon Concept Media,Juke Box Jam Night by Guru Ramachari and Team
31, Orange Moon Concept Media,Juke Box Jam Night by Guru Ramachari and Team
31, Orange Moon Concept Media,Juke Box Jam Night by Guru Ramachari and Team
31, Orange Moon Concept Media,Juke Box Jam Night by Guru Ramachari and Team
31, Orange Moon Concept Media,Juke Box Jam Night by Guru Ramachari and Team
31, Orange Moon Concept Media,Juke Box Jam Night by Guru Ramachari and Team
31, Orange Moon Concept Media,Juke Box Jam Night by Guru Ramachari and Team
31, Orange Moon Concept Media,Juke Box Jam Night by Guru Ramachari and Team
31, Orange Moon Concept Media,Juke Box Jam Night by Guru Ramachari and Team
31, Orange Moon Concept Media,Juke Box Jam Night by Guru Ramachari and Team
31, Orange Moon Concept Media,Juke Box Jam Night by Guru Ramachari and Team
31, Orange Moon Concept Media,Juke Box Jam Night by Guru Ramachari and Team
31, Orange Moon Concept Media,Juke Box Jam Night by Guru Ramachari and Team
31, Orange Moon Concept Media,Juke Box Jam Night by Guru Ramachari and Team
31, Orange Moon Concept Media,Juke Box Jam Night by Guru Ramachari and Team
31, Orange Moon Concept Media,Juke Box Jam Night by Guru Ramachari and Team
31, Orange Moon Concept Media,Juke Box Jam Night by Guru Ramachari and Team
31, Orange Moon Concept Media,Juke Box Jam Night by Guru Ramachari and Team
31, Orange Moon Concept Media,Juke Box Jam Night by Guru Ramachari and Team
31, Orange Moon Concept Media,Juke Box Jam Night by Guru Ramachari and Team
31, Orange Moon Concept Media,Juke Box Jam Night by Guru Ramachari and Team
31, Orange Moon Concept Media,Juke Box Jam Night by Guru Ramachari and Team
31, Orange Moon Concept Media,Juke Box Jam Night by Guru Ramachari and Team
